username,publication,B_name,B_profile
andresojedaxpartidocolorado/,https://www.instagram.com/p/C-_B5_LsSUN/,julio,https://www.instagram.com/julioo_olivar/
andresojedaxpartidocolorado/,https://www.instagram.com/p/C-_B5_LsSUN/,Alejandra Fabiana Fiallega ðŸŒ¹,https://www.instagram.com/ale.fabianafial_/
andresojedaxpartidocolorado/,https://www.instagram.com/p/C-_B5_LsSUN/,Alicia Derrico,https://www.instagram.com/derrico2446/
andresojedaxpartidocolorado/,https://www.instagram.com/p/C-_B5_LsSUN/,Lujan Coello,https://www.instagram.com/lujancoe2022/
andresojedaxpartidocolorado/,https://www.instagram.com/p/C-_B5_LsSUN/,Daniel MandurÃ©,https://www.instagram.com/danielmandure/
andresojedaxpartidocolorado/,https://www.instagram.com/p/C-_B5_LsSUN/,Betisantino Lorena FernÃ¡ndez Layes,https://www.instagram.com/betina7246/
andresojedaxpartidocolorado/,https://www.instagram.com/p/C-_B5_LsSUN/,Beatriz Hernandez,https://www.instagram.com/beatrizhernandez3820/
andresojedaxpartidocolorado/,https://www.instagram.com/p/C-_B5_LsSUN/,Olga SanchezLlamosa,https://www.instagram.com/olgasanchezllamosa/
andresojedaxpartidocolorado/,https://www.instagram.com/p/C-_B5_LsSUN/,PABLO.OUTE,https://www.instagram.com/pablo.oute/
andresojedaxpartidocolorado/,https://www.instagram.com/p/C-_B5_LsSUN/,Federico Rega Mayol,https://www.instagram.com/federega5_7/
andresojedaxpartidocolorado/,https://www.instagram.com/p/C-_B5_LsSUN/,Susana Fernandez,https://www.instagram.com/susanafernandez259/
andresojedaxpartidocolorado/,https://www.instagram.com/p/C-_B5_LsSUN/,Olga SanchezLlamosa,https://www.instagram.com/olgasanchezllamosa/
andresojedaxpartidocolorado/,https://www.instagram.com/p/C-_B5_LsSUN/,PABLO.OUTE,https://www.instagram.com/pablo.oute/
andresojedaxpartidocolorado/,https://www.instagram.com/p/C-_B5_LsSUN/,Federico Rega Mayol,https://www.instagram.com/federega5_7/
andresojedaxpartidocolorado/,https://www.instagram.com/p/C-_B5_LsSUN/,Susana Fernandez,https://www.instagram.com/susanafernandez259/
andresojedaxpartidocolorado/,https://www.instagram.com/p/C-_B5_LsSUN/,Ileana Martin Cutinella,https://www.instagram.com/martincutinella/
andresojedaxpartidocolorado/,https://www.instagram.com/p/C-_B5_LsSUN/,Erika Friedrich,https://www.instagram.com/erikafriedrich64/
andresojedaxpartidocolorado/,https://www.instagram.com/p/C-_B5_LsSUN/,Fernando Ulfe,https://www.instagram.com/dignidadjusticia/
andresojedaxpartidocolorado/,https://www.instagram.com/p/C-_B5_LsSUN/,Audry Calleja,https://www.instagram.com/audryacc/
andresojedaxpartidocolorado/,https://www.instagram.com/p/C-_B5_LsSUN/,Walter Cardoso,https://www.instagram.com/walteruruguay2000/
